{"count":1,"self":357.0993664,"total":3841.7816528,"children":{"InitializeActuators":{"count":5,"self":0.0010000999999999999,"total":0.0010000999999999999,"children":null},"InitializeSensors":{"count":5,"self":0.0015057999999999998,"total":0.0015057999999999998,"children":null},"AgentSendState":{"count":437651,"self":6.443156,"total":30.879607099999998,"children":{"CollectObservations":{"count":2188255,"self":8.5667336,"total":8.5667333,"children":null},"WriteActionMask":{"count":2188255,"self":1.2399723,"total":1.2399723,"children":null},"RequestDecision":{"count":2188255,"self":3.6088207999999997,"total":14.6297453,"children":{"AgentInfo.ToProto":{"count":437651,"self":2.524644,"total":11.0209247,"children":{"GenerateSensorData":{"count":437651,"self":8.4962808,"total":8.4962806,"children":null}}}}}}},"DecideAction":{"count":437651,"self":3051.7239808,"total":3051.7240183999997,"children":null},"AgentAct":{"count":437651,"self":402.07206399999995,"total":402.07205849999997,"children":null},"AgentInfo.ToProto":{"count":211,"self":0.0015073999999999999,"total":0.004108,"children":{"GenerateSensorData":{"count":211,"self":0.0026006,"total":0.0026006,"children":null}}}},"gauges":{"My Behavior.CumulativeReward":{"count":211,"max":13.3299427,"min":-38.9961052,"runningAverage":-0.665274739,"value":2.49969482,"weightedAverage":2.36765361}},"metadata":{"timer_format_version":"0.1.0","start_time_seconds":"1714577916","unity_version":"2022.3.23f1","command_line_arguments":"C:\\Program Files\\Unity\\Hub\\Editor\\2022.3.23f1\\Editor\\Unity.exe -projectpath S:\\Github\\multi-agent-sequential-learning-combating-adversarial-procedural-generation -useHub -hubIPC -cloudEnvironment production -licensingIpc LicenseClient-Drago -hubSessionId 1cc841fc-c879-45e3-a905-1a74ac10cbce -accessToken mRDQMGPAAIlJUw0N6cHrpy3vmLeHwXPmVNmnt3DsuPM00ef","communication_protocol_version":"1.5.0","com.unity.ml-agents_version":"2.0.1","scene_name":"TakaScene","end_time_seconds":"1714581757"}}