{
    "name": "root",
    "metadata": {
        "timer_format_version": "0.1.0",
        "start_time_seconds": "1713372031",
        "python_version": "3.9.13 (tags/v3.9.13:6de2ca5, May 17 2022, 16:36:42) [MSC v.1929 64 bit (AMD64)]",
        "command_line_arguments": "S:\\Github\\multi-agent-sequential-learning-combating-adversarial-procedural-generation\\venv\\Scripts\\mlagents-learn --force",
        "mlagents_version": "0.30.0",
        "mlagents_envs_version": "0.30.0",
        "communication_protocol_version": "1.5.0",
        "pytorch_version": "2.2.2+cpu",
        "numpy_version": "1.21.2",
        "end_time_seconds": "1713372219"
    },
    "total": 188.4126632,
    "count": 1,
    "self": 0.005639799999983097,
    "children": {
        "run_training.setup": {
            "total": 0.1310601,
            "count": 1,
            "self": 0.1310601
        },
        "TrainerController.start_learning": {
            "total": 188.2759633,
            "count": 1,
            "self": 0.016016500000176848,
            "children": {
                "TrainerController._reset_env": {
                    "total": 38.249600300000004,
                    "count": 1,
                    "self": 38.249600300000004
                },
                "TrainerController.advance": {
                    "total": 149.7712887999998,
                    "count": 826,
                    "self": 0.013750399999992169,
                    "children": {
                        "env_step": {
                            "total": 149.37247109999998,
                            "count": 826,
                            "self": 148.71855190000002,
                            "children": {
                                "SubprocessEnvManager._take_step": {
                                    "total": 0.6448005999999822,
                                    "count": 826,
                                    "self": 0.027094399999917584,
                                    "children": {
                                        "TorchPolicy.evaluate": {
                                            "total": 0.6177062000000646,
                                            "count": 581,
                                            "self": 0.6177062000000646
                                        }
                                    }
                                },
                                "workers": {
                                    "total": 0.009118599999986543,
                                    "count": 825,
                                    "self": 0.0,
                                    "children": {
                                        "worker_root": {
                                            "total": 87.93499580000001,
                                            "count": 825,
                                            "is_parallel": true,
                                            "self": 3.0041763000001964,
                                            "children": {
                                                "steps_from_proto": {
                                                    "total": 0.005881999999999721,
                                                    "count": 1,
                                                    "is_parallel": true,
                                                    "self": 0.0023039999999951988,
                                                    "children": {
                                                        "_process_rank_one_or_two_observation": {
                                                            "total": 0.003578000000004522,
                                                            "count": 2,
                                                            "is_parallel": true,
                                                            "self": 0.003578000000004522
                                                        }
                                                    }
                                                },
                                                "UnityEnvironment.step": {
                                                    "total": 84.92493749999981,
                                                    "count": 825,
                                                    "is_parallel": true,
                                                    "self": 0.07774690000006501,
                                                    "children": {
                                                        "UnityEnvironment._generate_step_input": {
                                                            "total": 0.040607400000055804,
                                                            "count": 825,
                                                            "is_parallel": true,
                                                            "self": 0.040607400000055804
                                                        },
                                                        "communicator.exchange": {
                                                            "total": 84.57361279999971,
                                                            "count": 825,
                                                            "is_parallel": true,
                                                            "self": 84.57361279999971
                                                        },
                                                        "steps_from_proto": {
                                                            "total": 0.23297039999998503,
                                                            "count": 825,
                                                            "is_parallel": true,
                                                            "self": 0.10130279999970782,
                                                            "children": {
                                                                "_process_rank_one_or_two_observation": {
                                                                    "total": 0.13166760000027722,
                                                                    "count": 1650,
                                                                    "is_parallel": true,
                                                                    "self": 0.13166760000027722
                                                                }
                                                            }
                                                        }
                                                    }
                                                }
                                            }
                                        }
                                    }
                                }
                            }
                        },
                        "trainer_advance": {
                            "total": 0.38506729999984657,
                            "count": 825,
                            "self": 0.015327199999880747,
                            "children": {
                                "process_trajectory": {
                                    "total": 0.3697400999999658,
                                    "count": 825,
                                    "self": 0.3697400999999658
                                }
                            }
                        }
                    }
                },
                "TrainerController._save_models": {
                    "total": 0.2390577000000178,
                    "count": 1,
                    "self": 0.009230300000012903,
                    "children": {
                        "RLTrainer._checkpoint": {
                            "total": 0.2298274000000049,